<?xml version="1.0" encoding="utf-8"?>
<!DOCTYPE install PUBLIC "-//Joomla! 1.7//DTD template 1.0//EN" "http://www.joomla.org/xml/dtd/1.7/template-install.dtd">
<extension version="2.5" type="template" client="site" method="upgrade">
	<name>joom</name>
	<version>1.1.3</version>
	<creationDate>Oct 2016</creationDate>
	<author>Web-Komp</author>
	<authorEmail>biuro@web-komp.eu</authorEmail>
	<authorUrl>http://www.web-komp.eu</authorUrl>
    <copyright>Copyright (C) Web-Komp</copyright>
    <license>http://www.gnu.org/licenses/gpl.html GNU/GPL</license>
	<description>Joom! Template for Joomla 3.X. Template Develop by www.web-komp.eu Template that has been built on a Warp framework 7 by Yootheme, using the latest techniques in HTML5 CSS3 LESS</description>
	<files>
		<filename>checksums</filename>
		<filename>apple_touch_icon.png</filename>
		<filename>CHANGELOG.md</filename>
		<filename>component.php</filename>
		<filename>config.php</filename>
		<filename>config.xml</filename>
		<filename>config.default.json</filename>
		<filename>error.php</filename>
		<filename>favicon.ico</filename>
		<filename>index.php</filename>
		<filename>offline.php</filename>
		<filename>raw.php</filename>
		<filename>warp.php</filename>
		<filename>template_preview.jpg</filename>
		<filename>template_thumbnail.png</filename>
		<filename>templateDetails.xml</filename>
		<folder>css</folder>
		<folder>html</folder>
		<folder>js</folder>
		<folder>layouts</folder>
		<folder>images</folder>
		<folder>styles</folder>
		<folder>less</folder>
		<folder>roksprocket</folder>
		<folder>warp</folder>
	</files>
    <positions>
	
        <position settings="">search</position>
        <position settings="">logo</position>
        <position settings="">logo-small</position>
        <position settings="">menu</position>
        <position settings="">toolbar-l</position>
        <position settings="">toolbar-r</position>
        <position settings="">headerbar</position>
        <position settings="">breadcrumbs</position>
		 <position>slideshow</position>
        <position>top-a</position>
        <position>top-b</position>
        <position>bottom-a</position>
        <position>bottom-b</position>
        <position>main-top</position>
        <position>main-bottom</position>
        <position>sidebar-a</position>
        <position>sidebar-b</position>
        <position settings="">footer</position>
        <position settings="">offcanvas</position>
        <position settings="">debug</position>
    </positions>
	<config>
		<fields name="params" addfieldpath="/templates/joom/warp/systems/joomla/config/elements">
			<fieldset name="options">
		    	<field name="config" type="config" label="Config" description="" default="" />
			</fieldset>
		</fields>
	</config>
</extension>
